IsMeta,URL,Key,Value
true,https://1xbet.kz,,"meta data, value bytes is [8 234 212 197 135 244 180 220 23 16 131 7]"
true,https://app-185647.games.s3.yandex.net/^0https://yandex.ru,,"meta data, value bytes is [8 178 189 153 242 129 203 221 23 16 21]"
true,https://app-96860.games.s3.yandex.net/^0https://yandex.ru,,"meta data, value bytes is [8 131 213 231 212 167 213 221 23 16 241 105]"
true,https://cdn.unblocked-games-free.com/^0https://igroutka.ru,,"meta data, value bytes is [8 128 223 242 194 133 203 221 23 16 39]"
true,https://dino-chrome.com,,"meta data, value bytes is [8 144 229 180 206 246 230 219 23 16 139 38]"
true,https://dinorunner.com,,"meta data, value bytes is [8 249 152 156 152 248 230 219 23 16 242 4]"
true,https://edgeservices.bing.com/^0edge://discover-chat,,"meta data, value bytes is [8 240 191 178 162 129 203 221 23 16 199 6]"
true,https://eus.rubiconproject.com/^0https://chess.com,,"meta data, value bytes is [8 151 152 199 192 148 211 220 23 16 230 10]"
true,https://fpt2.microsoft.com/^0https://bing.com,,"meta data, value bytes is [8 224 189 233 170 236 132 221 23 16 42]"
true,https://g.vseigru.net,,"meta data, value bytes is [8 184 242 139 230 132 203 221 23 16 239 2]"
true,https://game-minecraft.ru,,"meta data, value bytes is [8 198 194 195 204 136 203 221 23 16 142 4]"
true,https://igroutka.ru,,"meta data, value bytes is [8 203 155 201 228 137 203 221 23 16 145 9]"
true,https://mc.yandex.md/^0https://1xbet.kz,,"meta data, value bytes is [8 130 250 149 245 241 180 220 23 16 35]"
true,https://mc.yandex.md/^0https://dinorunner.com,,"meta data, value bytes is [8 185 223 209 196 247 230 219 23 16 35]"
true,https://mc.yandex.md/^0https://savefrom.net,,"meta data, value bytes is [8 234 176 134 157 156 163 220 23 16 35]"
true,https://mc.yandex.md/^0https://stamina-online.com,,"meta data, value bytes is [8 200 155 244 174 178 166 225 23 16 35]"
true,https://mc.yandex.md/^0https://wordpad.ru,,"meta data, value bytes is [8 226 195 196 242 191 248 220 23 16 35]"
true,https://mc.yandex.md/^0https://yandex.ru,,"meta data, value bytes is [8 157 151 191 241 129 203 221 23 16 35]"
true,https://microsoftedge.microsoft.com,,"meta data, value bytes is [8 213 228 151 146 148 166 225 23 16 228 147 16]"
true,https://ntp.msn.com,,"meta data, value bytes is [8 182 234 161 206 183 166 225 23 16 176 82]"
true,https://prebid.a-mo.net/^0https://chess.com,,"meta data, value bytes is [8 174 179 193 224 167 213 221 23 16 204 1]"
true,https://ru.4game.com,,"meta data, value bytes is [8 145 166 177 137 138 203 221 23 16 186 20]"
true,https://ru.savefrom.net,,"meta data, value bytes is [8 218 156 139 133 244 180 220 23 16 202 7]"
true,https://ssl.kaptcha.com/^0https://chess.com,,"meta data, value bytes is [8 178 214 207 175 148 211 220 23 16 36]"
true,https://stamina-online.com,,"meta data, value bytes is [8 194 144 212 154 184 166 225 23 16 215 9]"
true,https://vseigru.net,,"meta data, value bytes is [8 203 181 185 237 132 203 221 23 16 138 9]"
true,https://wordpad.ru,,"meta data, value bytes is [8 132 243 139 128 192 248 220 23 16 202 6]"
true,https://www.bing.com,,"meta data, value bytes is [8 175 234 161 206 183 166 225 23 16 184 3]"
true,https://www.chess.com,,"meta data, value bytes is [8 143 231 183 226 167 213 221 23 16 207 171 13]"
true,https://www.google.com/^0https://1xbet.kz,,"meta data, value bytes is [8 229 170 247 247 241 180 220 23 16 103]"
true,https://www.google.com/^0https://4game.com,,"meta data, value bytes is [8 247 158 172 148 133 203 221 23 16 27]"
true,https://www.google.com/^0https://chess.com,,"meta data, value bytes is [8 151 223 192 224 167 213 221 23 16 20]"
true,https://www.google.com/^0https://dino-chrome.com,,"meta data, value bytes is [8 147 163 142 208 246 230 219 23 16 20]"
true,https://www.google.com/^0https://dinorunner.com,,"meta data, value bytes is [8 226 207 212 198 247 230 219 23 16 20]"
true,https://www.google.com/^0https://vseigru.net,,"meta data, value bytes is [8 173 199 234 221 131 203 221 23 16 20]"
true,https://www.google.com/^0https://wordpad.ru,,"meta data, value bytes is [8 208 153 192 244 191 248 220 23 16 20]"
true,https://www.google.ru,,"meta data, value bytes is [8 170 149 158 210 247 230 219 23 16 205 174 3]"
true,https://www.microsoft.com,,"meta data, value bytes is [8 255 141 135 189 131 254 223 23 16 150 2]"
true,https://www.msn.com,,"meta data, value bytes is [8 154 237 150 189 206 220 221 23 16 128 35]"
true,https://www.youtube.com,,"meta data, value bytes is [8 161 137 212 166 173 198 221 23 16 155 6]"
true,https://www.youtube.com/^0https://bing.com,,"meta data, value bytes is [8 145 236 243 218 206 189 224 23 16 169 3]"
true,https://www.youtube.com/^0https://vseigru.net,,"meta data, value bytes is [8 171 141 188 221 132 203 221 23 16 202 2]"
true,https://yandex.kz,,"meta data, value bytes is [8 253 220 168 131 183 166 225 23 16 157 12]"
true,https://yandex.ru,,"meta data, value bytes is [8 183 213 231 212 167 213 221 23 16 255 183 11]"
true,https://yastatic.net/^0https://savefrom.net,,"meta data, value bytes is [8 216 175 224 137 242 180 220 23 16 255 6]"
true,https://yastatic.net/^0https://wordpad.ru,,"meta data, value bytes is [8 230 228 204 249 191 248 220 23 16 221 6]"
true,https://yastatic.net/^0https://yandex.kz,,"meta data, value bytes is [8 191 247 154 135 178 238 219 23 16 135 7]"
true,https://yastatic.net/^0https://yandex.ru,,"meta data, value bytes is [8 194 152 246 186 167 213 221 23 16 139 7]"
false,,,���ߵ��
false,,,ț�����
false,,,�䗒���
false,,,ؼЇ���
false,,,��Ї���
false,,,ԼЇ���
false,,,�������
false,,,����ν�
false,,,�ܨ����
false,,,1
false,https://1xbet.kz,__fatman_uuid,0f15b63a-05f0-44bc-9d2c-282e192371ce
false,https://1xbet.kz,_ym41256769:0_reqNum,2
false,https://1xbet.kz,_ym41256769_lastHit,1709812905329
false,https://1xbet.kz,_ym41256769_lsid,1479790111005
false,https://1xbet.kz,_ym_cc,"""3548154451709812700&28496881"""
false,https://1xbet.kz,_ym_fip,"""dee7a178584959fd597cfa99d32d8c1f-1cc4db1a3d7b1837d6538ca6cabed338-a81f3b9bcdd80a361c14af38dc09b309-7950ec0297c12322859860922e071362-8a4c66814aa955c22afa1996ca3000e0-bada5a789ebc0f7dd5b0016f09583825-0b82c67d2c389d0d50367f1f13b7a8f7-a79483f0ea6cd8fc043ad5ab538770e6-f9153bb54a3609413e8a00f31ff2132f-36b0156d67e224248dccbff13c841137-f4d6a861f9c59c284e4813e66c038c30"""
false,https://1xbet.kz,_ym_retryReqs,{}
false,https://1xbet.kz,_ym_synced,{}
false,https://1xbet.kz,_ym_uid,"""1709812890331858326"""
false,https://1xbet.kz,_ym_wv2rf:41256769:0,1
false,https://1xbet.kz,_ym_zzlc,"""1709812891020146868996229898808"""
false,https://1xbet.kz,fatmanUserId,bc2b70aa-048c-48ed-a8c5-e632dbf23143
false,https://1xbet.kz,favorites,[]
false,https://1xbet.kz,lastExternalReferrer,other
false,https://1xbet.kz,lastExternalReferrerTime,1709812886126
false,https://1xbet.kz,tmr_lvid,a8c8455c5e6b3aac45bbb5553d2df7ad
false,https://1xbet.kz,tmr_lvidTS,1709812892475
false,https://1xbet.kz,tmr_reqNum,4
false,https://1xbet.kz,video_token,
false,https://app-185647.games.s3.yandex.net/^0https://yandex.ru,minilogSettings,true
false,https://app-96860.games.s3.yandex.net/^0https://yandex.ru,GA::ga_event,[]
false,https://app-96860.games.s3.yandex.net/^0https://yandex.ru,GA::ga_items,"{""GA::default_user_id"":""4c1ccb6e-49db-47a3-f1aa-5800a0d21118"",""GA::session_num"":""1""}"
false,https://app-96860.games.s3.yandex.net/^0https://yandex.ru,GA::ga_progression,[]
false,https://app-96860.games.s3.yandex.net/^0https://yandex.ru,GA::ga_session,"[{""session_id"":""deaf0dce-37d4-42e4-5c85-9bd95d4c6c56"",""timestamp"":1715324772,""event"":""JTdCJTIydiUyMjoyLCUyMnVzZXJfaWQlMjI6JTIyNGMxY2NiNmUtNDlkYi00N2EzLWYxYWEtNTgwMGEwZDIxMTE4JTIyLCUyMmNsaWVudF90cyUyMjoxNzE1MzI0ODc3LCUyMnNka192ZXJzaW9uJTIyOiUyMmphdmFzY3JpcHQlMjAzLjEuMiUyMiwlMjJvc192ZXJzaW9uJTIyOiUyMndpbmRvd3MlMjAxMC4wJTIyLCUyMm1hbnVmYWN0dXJlciUyMjolMjJ1bmtub3duJTIyLCUyMmRldmljZSUyMjolMjJ1bmtub3duJTIyLCUyMmJyb3dzZXJfdmVyc2lvbiUyMjolMjJjaHJvbWUlMjAxMjQlMjIsJTIycGxhdGZvcm0lMjI6JTIyd2luZG93cyUyMiwlMjJzZXNzaW9uX2lkJTIyOiUyMmRlYWYwZGNlLTM3ZDQtNDJlNC01Yzg1LTliZDk1ZDRjNmM1NiUyMiwlMjJzZXNzaW9uX251bSUyMjoxLCUyMmNvbm5lY3Rpb25fdHlwZSUyMjolMjJsYW4lMjIlN0Q=""}]"
false,https://app-96860.games.s3.yandex.net/^0https://yandex.ru,d8d9b9b63e704668a29559970c1818be,true
false,https://app-96860.games.s3.yandex.net/^0https://yandex.ru,fb-forest:progress,"value is too long, length is 6566, supported max length is 2048"
false,https://app-96860.games.s3.yandex.net/^0https://yandex.ru,i18nextLng,ru
false,https://app-96860.games.s3.yandex.net/^0https://yandex.ru,idhb-pgcfg&page_type=gd&page_url=yandex.ru&page_width=1078,"value is too long, length is 6052, supported max length is 2048"
false,https://cdn.unblocked-games-free.com/^0https://igroutka.ru,gs-db-project-2679-lang,null
false,https://cdn.unblocked-games-free.com/^0https://igroutka.ru,lang,null
false,https://dino-chrome.com,google_adsense_settings,"{""ca-pub-6398603653271458"":[""ca-pub-6398603653271458""]}"
false,https://dino-chrome.com,google_ama_config,"value is too long, length is 4777, supported max length is 2048"
false,https://dinorunner.com,_ym71467330:0_reqNum,2
false,https://dinorunner.com,_ym71467330_lastHit,1707134354288
false,https://dinorunner.com,_ym71467330_lsid,1424523181391
false,https://dinorunner.com,_ym_cc,"""2161084451707134500&28452239"""
false,https://dinorunner.com,_ym_fip,"""8e1f394e63fd091fddbce0438fc497d0-1cc4db1a3d7b1837d6538ca6cabed338-a81f3b9bcdd80a361c14af38dc09b309-7950ec0297c12322859860922e071362-8a4c66814aa955c22afa1996ca3000e0-84460ffc88f086fab87eef5ce299fd05-0b82c67d2c389d0d50367f1f13b7a8f7-a79483f0ea6cd8fc043ad5ab538770e6-a81f3b9bcdd80a361c14af38dc09b309-442d4e5c08bab4e7c0516508afe0f400-f4d6a861f9c59c284e4813e66c038c30"""
false,https://dinorunner.com,_ym_retryReqs,{}
false,https://dinorunner.com,_ym_synced,{}
false,https://dinorunner.com,_ym_uid,"""1707134339425710975"""
false,https://dinorunner.com,_ym_wv2rf:71467330:0,1
false,https://dinorunner.com,_ym_zzlc,"""1707134340249908811438519095360"""
false,https://edgeservices.bing.com/^0edge://discover-chat,cib__secondTimeAccessed,1714970953980
false,https://edgeservices.bing.com/^0edge://discover-chat,eventLogQueue_Offline,"[{""log"":{""type"":0,""impressionGuid"":""90372FD7174E4E08B1EF65023EF906E6"",""previousImpressionGuid"":null,""timestamp"":1714970975109,""data"":{""eventType"":""ClientInst"",""eventData"":{""CurUrl"":""https://edgeservices.bing.com/edgesvc/chat"",""T"":""CI.BoxModel"",""FID"":""CI"",""Name"":""v2.8.3"",""P"":{""C"":4,""N"":5,""I"":""7ce"",""S"":""V"",""M"":""V+L+M+MT+E+N+C+K+BD+BF"",""T"":23450,""F"":1},""V"":""i3a//////////pagehide"",""M"":""z9+f78+-1+i3c+4d+0+0+9+0+10a+1"",""TS"":1714970975109,""RTS"":23233,""SEQ"":63},""dataSources"":null,""pageLayout"":null},""dominantImpressionGuid"":null},""lastSendErrorTimeStamp"":0,""inProgress"":false,""size"":599,""flights"":null}]"
false,https://edgeservices.bing.com/^0edge://discover-chat,eventLogQueue_Offline_logUploadIntervalStartDate,1714970951898
false,https://edgeservices.bing.com/^0edge://discover-chat,eventLogQueue_Offline_uploadedLogSizeInInterval,0
false,https://edgeservices.bing.com/^0edge://discover-chat,last_refresh_timestamp,1714970954101
false,https://edgeservices.bing.com/^0edge://discover-chat,latest_snr_version,46020747
false,https://eus.rubiconproject.com/^0https://chess.com,fcap,"{""12776"":{""cap"":1,""exp"":1710939311.728},""17888"":{""cap"":1,""exp"":1710939312.23},""vidazoo"":{""cap"":1,""exp"":1710939311.568},""kueez"":{""cap"":1,""exp"":1710939311.851}}"
false,https://eus.rubiconproject.com/^0https://chess.com,pux,1185=124602&1902=124602&1986=124602&2046=124602&2082=124602&2132=124602&2149=124602&2238=124602&2249=124602&2307=124602&2540=124602&2596=124602&2650=124602&2676=124602&2731=124602&2760=124602&2861=124602&2915=124602&2966=124602&2974=124602&3632=124602&3636=124602&3664=124602&3668=124602&3778=124602&3822=124602&3856=124602&3858=124602&3956=124602&3992=124602&4032=124602&4112=124602&4114=124602&4804=124602&4858=124602&5120=124602&5446=124602&5498=124602&5504=124602&5508=124602&5528=124602&5570=124602&5578=124602&5610=124602&2179-na=124602&2249-DV360-Hosted=124602&seedtag=124602&w55c=124602&unruly=124602&goog=124602&2179-eu=124602&tapad-crossdevice=124602&brx=124602&a9s-eu=124602&ex.co=124602&a9us=124602&spot_im=124602&pb_adaptmx=124602&loopme_global=124602&adsyoulike=124602&minute_media=124602&smartadserver=124602&idl=124602&mediavine-seller=124602&share-through=124602&undertone-seller=124602&rise_engage=124602&epsilon=124602&mmpub=124602&transunion=124602&sovrn=124602&vrtcal=124602&yieldmo=124602&bk=124602&pb_forbes=124602&kargo=124602&1523ext=124602&connatix=124602&primis=124602&outbrain=124602&consumable_inc=124602&aam=124602&33across=124602&pb_triple13=124602&smaato=124602&pb_appneuxs=124602&
false,https://fpt2.microsoft.com/^0https://bing.com,MUID,15f37d4b-eebf-4123-baad-ae9a815bc7ff
false,https://g.vseigru.net,_ga,faa024d8-27ae-4312-9b63-ddae917ab526
false,https://g.vseigru.net,autotrack:UA-118143248-1:plugins/page-visibility-tracker,"{""time"":1714971917434,""state"":""hidden"",""pageId"":""a0551fd6-abc0-4ecb-a249-557c611eed4f"",""sessionId"":""3ddfd7f0-31aa-44be-8f94-7109f64d6442""}"
false,https://g.vseigru.net,autotrack:UA-118143248-1:session,"{""hitTime"":0,""isExpired"":false,""id"":""3ddfd7f0-31aa-44be-8f94-7109f64d6442""}"
false,https://g.vseigru.net,trackAnalytics,false
false,https://game-minecraft.ru,_ym69501964:0_reqNum,1
false,https://game-minecraft.ru,_ym69501964_lsid,1455376650077
false,https://game-minecraft.ru,_ym_cc,"""5821264351714973000&28582882"""
false,https://game-minecraft.ru,_ym_fip,"""4fab4c69f8cf714b7b435e285227b4ac-1cc4db1a3d7b1837d6538ca6cabed338-a81f3b9bcdd80a361c14af38dc09b309-7950ec0297c12322859860922e071362-8a4c66814aa955c22afa1996ca3000e0-4028c360c1b3a1f0a21d7d9ba01a02e6-0b82c67d2c389d0d50367f1f13b7a8f7-a79483f0ea6cd8fc043ad5ab538770e6-a81f3b9bcdd80a361c14af38dc09b309-36b0156d67e224248dccbff13c841137-f4d6a861f9c59c284e4813e66c038c30"""
false,https://game-minecraft.ru,_ym_retryReqs,{}
false,https://game-minecraft.ru,_ym_synced,{}
false,https://game-minecraft.ru,_ym_uid,"""1714972938211020355"""
false,https://igroutka.ru,SZMKVVUD,"{""usercookie"":""3662259597086916528""}"
false,https://igroutka.ru,__pcode_freq_storage__,{}
false,https://igroutka.ru,_ym1583915:1_reqNum,17
false,https://igroutka.ru,_ym1583915_lsid,1355277816203
false,https://igroutka.ru,_ym3:0_reqNum,1
false,https://igroutka.ru,_ym3_lsid,1050434754808
false,https://igroutka.ru,_ym42093449:0_reqNum,14
false,https://igroutka.ru,_ym42093449_lsid,503687831153
false,https://igroutka.ru,_ym65918110:0_reqNum,49
false,https://igroutka.ru,_ym65918110_il,"""$$ 3"""
false,https://igroutka.ru,_ym65918110_lastHit,1714973219392
false,https://igroutka.ru,_ym65918110_lsid,1080161252302
false,https://igroutka.ru,_ym_cc,"""6800995781714972000&28582866"""
false,https://igroutka.ru,_ym_fip,"""72f8f75a53580ed33d00bd53394590d6-1cc4db1a3d7b1837d6538ca6cabed338-a81f3b9bcdd80a361c14af38dc09b309-7950ec0297c12322859860922e071362-8a4c66814aa955c22afa1996ca3000e0-4028c360c1b3a1f0a21d7d9ba01a02e6-0b82c67d2c389d0d50367f1f13b7a8f7-a79483f0ea6cd8fc043ad5ab538770e6-a81f3b9bcdd80a361c14af38dc09b309-36b0156d67e224248dccbff13c841137-f4d6a861f9c59c284e4813e66c038c30"""
false,https://igroutka.ru,_ym_retryReqs,{}
false,https://igroutka.ru,_ym_synced,"{""mc.webvisor.org"":28582866}"
false,https://igroutka.ru,_ym_uid,"""1714972002682450156"""
false,https://igroutka.ru,_ym_wasSynced,"{""time"":1714972002641,""params"":{""sbp"":{""a"":""eIuzuTcdbGuGwI94DFzdHLD2VNALcNW1CumMknN+DrQHewQMo5flZEgDqIlZ52js"",""b"":""VzreRMOVOQFXO4qQka5aSaFcMK5yZjkdf6NwGKyMoSb9otOC3gpM8WtZLHdsJiDn""},""eu"":0,""hittoken"":""1714972004_6052e7ac5648b88171c4a6921c45b9a2dd6c0639cd43f6b94e49d50ce7e5232f""},""bkParams"":{}}"
false,https://igroutka.ru,_ym_wv2rf:65918110:0,1
false,https://mc.yandex.md/^0https://1xbet.kz,zz,1709812891020146868996229898808
false,https://mc.yandex.md/^0https://dinorunner.com,zz,1707134340249908811438519095360
false,https://mc.yandex.md/^0https://savefrom.net,zz,1709205773652964739699905447346
false,https://mc.yandex.md/^0https://stamina-online.com,zz,1731305028364445613016921272649
false,https://mc.yandex.md/^0https://wordpad.ru,zz,1712135925934287887562971910649
false,https://mc.yandex.md/^0https://yandex.ru,zz,1714971139006588188753809967444
false,https://microsoftedge.microsoft.com,l/EdgeStoreWebLocaleCache/m/browserLocale,"[1731296914813,0]"
false,https://microsoftedge.microsoft.com,l/EdgeStoreWebLocaleCache/m/defaultLocale,"[1731296914813,1]"
false,https://microsoftedge.microsoft.com,l/EdgeStoreWebLocaleCache/n,1
false,https://microsoftedge.microsoft.com,l/EdgeStoreWebLocaleCache/o/0,"value is too long, length is 169973, supported max length is 2048"
false,https://microsoftedge.microsoft.com,l/EdgeStoreWebLocaleCache/o/1,"value is too long, length is 82521, supported max length is 2048"
false,https://microsoftedge.microsoft.com,logs.esw_0,"{""logTime"":""2024-11-11T03:48:34.164Z"",""logLevel"":""info"",""eventName"":""InitializeWebApp"",""sessionId"":""850df513-9709-4662-83a5-402a577bce85"",""message"":""[\""****Initializing web app, time: 2024-11-11_08:48:34:3434 +05:00****\""]""}"
false,https://microsoftedge.microsoft.com,logs.esw_1,"{""logTime"":""2024-11-11T03:48:34.165Z"",""logLevel"":""info"",""eventName"":""InitializeWebApp"",""sessionId"":""850df513-9709-4662-83a5-402a577bce85"",""message"":""[\""****Session Id: 850df513-9709-4662-83a5-402a577bce85, Locale: ru-RU, Market: KZ****\""]""}"
false,https://microsoftedge.microsoft.com,logs.esw_10,"{""logTime"":""2024-11-11T03:48:34.647Z"",""logLevel"":""info"",""eventName"":""AxiosInterceptedRequest"",""sessionId"":""850df513-9709-4662-83a5-402a577bce85"",""message"":""[\""RequestCV: 40b67ae0-26da-4c21-b43b-02fc73f0b3e3, Url: /Assets/Regions/NativeRegions-en-US.json\""]""}"
false,https://microsoftedge.microsoft.com,logs.esw_11,"{""logTime"":""2024-11-11T03:48:34.653Z"",""logLevel"":""debug"",""eventName"":""GetExtensionDetails"",""sessionId"":""850df513-9709-4662-83a5-402a577bce85"",""message"":""[\""Started fetching extension details for crxId: fdgpikaaheckgdijjmepmdjjkbceakif, productId: null, component: detail\""]""}"
false,https://microsoftedge.microsoft.com,logs.esw_12,"{""logTime"":""2024-11-11T03:48:34.654Z"",""logLevel"":""info"",""eventName"":""AxiosInterceptedRequest"",""sessionId"":""850df513-9709-4662-83a5-402a577bce85"",""message"":""[\""RequestCV: 4d00f09d-a6d5-4ab2-8773-8e5558d01efe, Url: https://microsoftedge.microsoft.com/addons/getproductdetailsbycrxid/fdgpikaaheckgdijjmepmdjjkbceakif?hl=ru-RU&gl=KZ\""]""}"
false,https://microsoftedge.microsoft.com,logs.esw_13,"{""logTime"":""2024-11-11T03:48:34.785Z"",""logLevel"":""info"",""eventName"":""AxiosInterceptedResponse"",""sessionId"":""850df513-9709-4662-83a5-402a577bce85"",""message"":""[\""ResponseCV: 1aca64fc-f826-4eb4-acff-f205faa18534, RequestCV: 1aca64fc-f826-4eb4-acff-f205faa18534, Url: /Assets/Strings/ru-RU/strings.json, X-Msedge-Ref:Ref A: 8BB0843F85EC4546AFB2B0924EA47D09 Ref B: HEL01EDGE1610 Ref C: 2024-11-11T03:48:36Z\""]""}"
false,https://microsoftedge.microsoft.com,logs.esw_14,"{""logTime"":""2024-11-11T03:48:34.805Z"",""logLevel"":""info"",""eventName"":""AxiosInterceptedResponse"",""sessionId"":""850df513-9709-4662-83a5-402a577bce85"",""message"":""[\""ResponseCV: 20d3ba69-11b2-4a73-b86e-c5f4c891ef31, RequestCV: 20d3ba69-11b2-4a73-b86e-c5f4c891ef31, Url: /Assets/Strings/en-US/strings.json, X-Msedge-Ref:Ref A: DEBFEA57A98847CEAFAE869B20BD2A70 Ref B: HEL01EDGE1610 Ref C: 2024-11-11T03:48:36Z\""]""}"
false,https://microsoftedge.microsoft.com,logs.esw_15,"{""logTime"":""2024-11-11T03:48:34.815Z"",""logLevel"":""debug"",""eventName"":""LocalePickerDialog"",""sessionId"":""850df513-9709-4662-83a5-402a577bce85"",""message"":""[\""Taking locale strings from cache\""]""}"
false,https://microsoftedge.microsoft.com,logs.esw_16,"{""logTime"":""2024-11-11T03:48:34.827Z"",""logLevel"":""info"",""eventName"":""AxiosInterceptedResponse"",""sessionId"":""850df513-9709-4662-83a5-402a577bce85"",""message"":""[\""ResponseCV: aecab2cb-1e2a-4b22-94f1-e400b55d08b4, RequestCV: aecab2cb-1e2a-4b22-94f1-e400b55d08b4, Url: /Assets/Locales/NativeLocales.json, X-Msedge-Ref:Ref A: 6ED8CC501B054A6B9522E3B4A6E3C88B Ref B: HEL01EDGE1610 Ref C: 2024-11-11T03:48:36Z\""]""}"
false,https://microsoftedge.microsoft.com,logs.esw_17,"{""logTime"":""2024-11-11T03:48:34.829Z"",""logLevel"":""info"",""eventName"":""AxiosInterceptedResponse"",""sessionId"":""850df513-9709-4662-83a5-402a577bce85"",""message"":""[\""ResponseCV: dc578d3d-313c-427c-ab36-1651d0eac843, RequestCV: dc578d3d-313c-427c-ab36-1651d0eac843, Url: /Assets/Regions/NativeRegions-ru-RU.json, X-Msedge-Ref:Ref A: 654700ED7BF44099BABCAEFA2AC4F389 Ref B: HEL01EDGE1610 Ref C: 2024-11-11T03:48:36Z\""]""}"
false,https://microsoftedge.microsoft.com,logs.esw_18,"{""logTime"":""2024-11-11T03:48:34.837Z"",""logLevel"":""info"",""eventName"":""AxiosInterceptedResponse"",""sessionId"":""850df513-9709-4662-83a5-402a577bce85"",""message"":""[\""ResponseCV: 40b67ae0-26da-4c21-b43b-02fc73f0b3e3, RequestCV: 40b67ae0-26da-4c21-b43b-02fc73f0b3e3, Url: /Assets/Regions/NativeRegions-en-US.json, X-Msedge-Ref:Ref A: 9CD6440365C74B08BC67269E4A7BA64A Ref B: HEL01EDGE1610 Ref C: 2024-11-11T03:48:36Z\""]""}"
false,https://microsoftedge.microsoft.com,logs.esw_19,"{""logTime"":""2024-11-11T03:48:34.896Z"",""logLevel"":""info"",""eventName"":""AxiosInterceptedResponse"",""sessionId"":""850df513-9709-4662-83a5-402a577bce85"",""message"":""[\""ResponseCV: 4d00f09d-a6d5-4ab2-8773-8e5558d01efe, RequestCV: 4d00f09d-a6d5-4ab2-8773-8e5558d01efe, Url: https://microsoftedge.microsoft.com/addons/getproductdetailsbycrxid/fdgpikaaheckgdijjmepmdjjkbceakif?hl=ru-RU&gl=KZ, X-Msedge-Ref:Ref A: DAACF29E5CB4482EA28EB7BD36505554 Ref B: HEL01EDGE1610 Ref C: 2024-11-11T03:48:36Z\""]""}"
false,https://microsoftedge.microsoft.com,logs.esw_2,"{""logTime"":""2024-11-11T03:48:34.166Z"",""logLevel"":""info"",""eventName"":""InitializeWebApp"",""sessionId"":""850df513-9709-4662-83a5-402a577bce85"",""message"":""[\""****Is in corpnet: False, UserType: ****\""]""}"
false,https://microsoftedge.microsoft.com,logs.esw_20,"{""logTime"":""2024-11-11T03:48:34.898Z"",""logLevel"":""debug"",""eventName"":""GetExtensionDetails"",""sessionId"":""850df513-9709-4662-83a5-402a577bce85"",""message"":""[\""Finished fetching extension details for crxId: fdgpikaaheckgdijjmepmdjjkbceakif, productId: null, component: detail\""]""}"
false,https://microsoftedge.microsoft.com,logs.esw_21,"{""logTime"":""2024-11-11T03:48:34.906Z"",""logLevel"":""debug"",""eventName"":""GetRelatedList"",""sessionId"":""850df513-9709-4662-83a5-402a577bce85"",""message"":""[\""Started fetching related extensions list for: 0RDCKDQLKX20\""]""}"
false,https://microsoftedge.microsoft.com,logs.esw_22,"{""logTime"":""2024-11-11T03:48:34.926Z"",""logLevel"":""info"",""eventName"":""SetExtensionDetails"",""sessionId"":""850df513-9709-4662-83a5-402a577bce85"",""message"":""[\""Setting disabled state for add-remove button, InPrivate: N, AddRemoveButtonState: Get, IsChromeEmpty: N, IsWebstorePrivateEmpty: N\""]""}"
false,https://microsoftedge.microsoft.com,logs.esw_23,"{""logTime"":""2024-11-11T03:48:34.927Z"",""logLevel"":""info"",""eventName"":""SetExtensionDetails"",""sessionId"":""850df513-9709-4662-83a5-402a577bce85"",""message"":""[\""Setting disabled state for add-remove button, InPrivate: N, AddRemoveButtonState: Get, IsChromeEmpty: N, IsWebstorePrivateEmpty: N\""]""}"
false,https://microsoftedge.microsoft.com,logs.esw_24,"{""logTime"":""2024-11-11T03:48:34.927Z"",""logLevel"":""info"",""eventName"":""SetExtensionDetails"",""sessionId"":""850df513-9709-4662-83a5-402a577bce85"",""message"":""[\""Setting disabled state for add-remove button, InPrivate: N, AddRemoveButtonState: Get, IsChromeEmpty: N, IsWebstorePrivateEmpty: N\""]""}"
false,https://microsoftedge.microsoft.com,logs.esw_25,"{""logTime"":""2024-11-11T03:48:34.928Z"",""logLevel"":""info"",""eventName"":""SetExtensionDetails"",""sessionId"":""850df513-9709-4662-83a5-402a577bce85"",""message"":""[\""Setting disabled state for add-remove button, InPrivate: N, AddRemoveButtonState: Get, IsChromeEmpty: N, IsWebstorePrivateEmpty: N\""]""}"
false,https://microsoftedge.microsoft.com,logs.esw_26,"{""logTime"":""2024-11-11T03:48:35.065Z"",""logLevel"":""debug"",""eventName"":""RnRFetchAllReviewsForProduct"",""sessionId"":""850df513-9709-4662-83a5-402a577bce85"",""message"":""[\""Started axios call for Url: https://ratingsedge.rnr.microsoft.com/v1.0/ratingsedge/product/0RDCKDQLKX20?catalogId=1&market=KZ&locale=ru-RU&callSiteId=3&pageSize=3&orderBy=1&skipItems=0\""]""}"
false,https://microsoftedge.microsoft.com,logs.esw_27,"{""logTime"":""2024-11-11T03:48:35.221Z"",""logLevel"":""info"",""eventName"":""SetExtensionDetails"",""sessionId"":""850df513-9709-4662-83a5-402a577bce85"",""message"":""[\""Setting disabled state for add-remove button, InPrivate: N, AddRemoveButtonState: Get, IsChromeEmpty: N, IsWebstorePrivateEmpty: N\""]""}"
false,https://microsoftedge.microsoft.com,logs.esw_28,"{""logTime"":""2024-11-11T03:48:35.221Z"",""logLevel"":""info"",""eventName"":""SetExtensionDetails"",""sessionId"":""850df513-9709-4662-83a5-402a577bce85"",""message"":""[\""Setting disabled state for add-remove button, InPrivate: N, AddRemoveButtonState: Get, IsChromeEmpty: N, IsWebstorePrivateEmpty: N\""]""}"
false,https://microsoftedge.microsoft.com,logs.esw_29,"{""logTime"":""2024-11-11T03:48:35.222Z"",""logLevel"":""info"",""eventName"":""SetExtensionDetails"",""sessionId"":""850df513-9709-4662-83a5-402a577bce85"",""message"":""[\""Setting disabled state for add-remove button, InPrivate: N, AddRemoveButtonState: Get, IsChromeEmpty: N, IsWebstorePrivateEmpty: N\""]""}"
false,https://microsoftedge.microsoft.com,logs.esw_3,"{""logTime"":""2024-11-11T03:48:34.166Z"",""logLevel"":""info"",""eventName"":""InitializeWebApp"",""sessionId"":""850df513-9709-4662-83a5-402a577bce85"",""message"":""[\""****Feature flags: dc,aadc,eact,esem,eath,eatb****\""]""}"
false,https://microsoftedge.microsoft.com,logs.esw_30,"{""logTime"":""2024-11-11T03:48:35.222Z"",""logLevel"":""info"",""eventName"":""SetExtensionDetails"",""sessionId"":""850df513-9709-4662-83a5-402a577bce85"",""message"":""[\""Setting disabled state for add-remove button, InPrivate: N, AddRemoveButtonState: Get, IsChromeEmpty: N, IsWebstorePrivateEmpty: N\""]""}"
false,https://microsoftedge.microsoft.com,logs.esw_31,"{""logTime"":""2024-11-11T03:48:35.260Z"",""logLevel"":""info"",""eventName"":""AxiosInterceptedRequest"",""sessionId"":""850df513-9709-4662-83a5-402a577bce85"",""message"":""[\""RequestCV: 7c2519ef-bd77-438d-b655-6cfffbc3a093, Url: https://microsoftedge.microsoft.com/addons/getrelatedextensionslist/0RDCKDQLKX20?hl=ru-RU&gl=KZ&noItems=10&pgNo=1&IncludeExtensionDetailsFields=false\""]""}"
false,https://microsoftedge.microsoft.com,logs.esw_32,"{""logTime"":""2024-11-11T03:48:35.268Z"",""logLevel"":""info"",""eventName"":""AxiosInterceptedRequest"",""sessionId"":""850df513-9709-4662-83a5-402a577bce85"",""message"":""[\""RequestCV: 02b42e70-f18a-40a3-b892-f263e6eeb2a5, Url: https://ratingsedge.rnr.microsoft.com/v1.0/ratingsedge/product/0RDCKDQLKX20?catalogId=1&market=KZ&locale=ru-RU&callSiteId=3&pageSize=3&orderBy=1&skipItems=0\""]""}"
false,https://microsoftedge.microsoft.com,logs.esw_33,"{""logTime"":""2024-11-11T03:48:36.343Z"",""logLevel"":""info"",""eventName"":""AxiosInterceptedResponse"",""sessionId"":""850df513-9709-4662-83a5-402a577bce85"",""message"":""[\""ResponseCV: 7c2519ef-bd77-438d-b655-6cfffbc3a093, RequestCV: 7c2519ef-bd77-438d-b655-6cfffbc3a093, Url: https://microsoftedge.microsoft.com/addons/getrelatedextensionslist/0RDCKDQLKX20?hl=ru-RU&gl=KZ&noItems=10&pgNo=1&IncludeExtensionDetailsFields=false, X-Msedge-Ref:Ref A: 43560C279AD2421CBF7A08C44C10D1A7 Ref B: HEL01EDGE1610 Ref C: 2024-11-11T03:48:37Z\""]""}"
false,https://microsoftedge.microsoft.com,logs.esw_34,"{""logTime"":""2024-11-11T03:48:36.345Z"",""logLevel"":""info"",""eventName"":""SetExtensionDetails"",""sessionId"":""850df513-9709-4662-83a5-402a577bce85"",""message"":""[\""Setting disabled state for add-remove button, InPrivate: N, AddRemoveButtonState: Get, IsChromeEmpty: N, IsWebstorePrivateEmpty: N\""]""}"
false,https://microsoftedge.microsoft.com,logs.esw_35,"{""logTime"":""2024-11-11T03:48:36.346Z"",""logLevel"":""info"",""eventName"":""SetExtensionDetails"",""sessionId"":""850df513-9709-4662-83a5-402a577bce85"",""message"":""[\""Setting disabled state for add-remove button, InPrivate: N, AddRemoveButtonState: Get, IsChromeEmpty: N, IsWebstorePrivateEmpty: N\""]""}"
false,https://microsoftedge.microsoft.com,logs.esw_36,"{""logTime"":""2024-11-11T03:48:36.346Z"",""logLevel"":""info"",""eventName"":""SetExtensionDetails"",""sessionId"":""850df513-9709-4662-83a5-402a577bce85"",""message"":""[\""Setting disabled state for add-remove button, InPrivate: N, AddRemoveButtonState: Get, IsChromeEmpty: N, IsWebstorePrivateEmpty: N\""]""}"
false,https://microsoftedge.microsoft.com,logs.esw_37,"{""logTime"":""2024-11-11T03:48:36.346Z"",""logLevel"":""info"",""eventName"":""SetExtensionDetails"",""sessionId"":""850df513-9709-4662-83a5-402a577bce85"",""message"":""[\""Setting disabled state for add-remove button, InPrivate: N, AddRemoveButtonState: Get, IsChromeEmpty: N, IsWebstorePrivateEmpty: N\""]""}"
false,https://microsoftedge.microsoft.com,logs.esw_4,"{""logTime"":""2024-11-11T03:48:34.166Z"",""logLevel"":""info"",""eventName"":""InitializeWebApp"",""sessionId"":""850df513-9709-4662-83a5-402a577bce85"",""message"":""[\""****Webapp version: 1.1.24.1005.132236****\""]""}"
false,https://microsoftedge.microsoft.com,logs.esw_5,"{""logTime"":""2024-11-11T03:48:34.600Z"",""logLevel"":""info"",""eventName"":""AxiosInterceptedRequest"",""sessionId"":""850df513-9709-4662-83a5-402a577bce85"",""message"":""[\""RequestCV: 20d3ba69-11b2-4a73-b86e-c5f4c891ef31, Url: /Assets/Strings/en-US/strings.json\""]""}"
false,https://microsoftedge.microsoft.com,logs.esw_6,"{""logTime"":""2024-11-11T03:48:34.600Z"",""logLevel"":""info"",""eventName"":""AxiosInterceptedRequest"",""sessionId"":""850df513-9709-4662-83a5-402a577bce85"",""message"":""[\""RequestCV: 1aca64fc-f826-4eb4-acff-f205faa18534, Url: /Assets/Strings/ru-RU/strings.json\""]""}"
false,https://microsoftedge.microsoft.com,logs.esw_7,"{""logTime"":""2024-11-11T03:48:34.609Z"",""logLevel"":""info"",""eventName"":""AnaheimUserProfileManager"",""sessionId"":""850df513-9709-4662-83a5-402a577bce85"",""message"":""[\""getProfileAsync, userProfile:[object Object]\""]""}"
false,https://microsoftedge.microsoft.com,logs.esw_8,"{""logTime"":""2024-11-11T03:48:34.647Z"",""logLevel"":""info"",""eventName"":""AxiosInterceptedRequest"",""sessionId"":""850df513-9709-4662-83a5-402a577bce85"",""message"":""[\""RequestCV: aecab2cb-1e2a-4b22-94f1-e400b55d08b4, Url: /Assets/Locales/NativeLocales.json\""]""}"
false,https://microsoftedge.microsoft.com,logs.esw_9,"{""logTime"":""2024-11-11T03:48:34.647Z"",""logLevel"":""info"",""eventName"":""AxiosInterceptedRequest"",""sessionId"":""850df513-9709-4662-83a5-402a577bce85"",""message"":""[\""RequestCV: dc578d3d-313c-427c-ab36-1651d0eac843, Url: /Assets/Regions/NativeRegions-ru-RU.json\""]""}"
false,https://microsoftedge.microsoft.com,logs.esw_rear_cursor,38
false,https://ntp.msn.com,1adcoords,"{""dataType"":""Map"",""value"":[[""infopane"",{""coords"":{""x"":53.5,""y"":372}}],[""nativead-river-1"",{""coords"":{""x"":365.5,""y"":688}}],[""nativead-resriver-1"",{""coords"":{""x"":677.5,""y"":1004}}]]}"
false,https://ntp.msn.com,1adcoords_date,"""2024-11-11T06:26:41.227Z"""
false,https://ntp.msn.com,1adindices,"{""dataType"":""Map"",""value"":[[""infopane"",[3,11,15]],[""infopanelock"",[]],[""rightrail"",[]],[""triver"",[]],[""river"",[1]],[""riverlock"",[]],[""infopane-tab"",[]],[""resinfopane"",[6]],[""resinfopanelock"",[]],[""resriver"",[1]],[""resriverlock"",[]],[""dense-river"",[]],[""rivert"",[]],[""resrivert"",[]],[""infopane1u"",[]]]}"
false,https://ntp.msn.com,1adindices_date,"""2024-11-11T03:48:50.497Z"""
false,https://ntp.msn.com,CookieSyncExpiry,1731306426090
false,https://ntp.msn.com,FallbackNavigationResult,"{""r"":""saved."",""ic"":true,""te"":185}"
false,https://ntp.msn.com,LastKnownPV,1731306425787
false,https://ntp.msn.com,LastVisuallyReadyMarker,1731306401619
false,https://ntp.msn.com,MUID,19505C2C18106B311D33483A199B6AE2
false,https://ntp.msn.com,NOTIFICATION_CACHE_LS_KEY,"{""notificationLastRequestTimestamp"":{""count"":1731306402257,""notifications"":0},""notificationBellCacheData"":{""count"":3,""notifications"":[]}}"
false,https://ntp.msn.com,TSNP1.topsites,"value is too long, length is 7951, supported max length is 2048"
false,https://ntp.msn.com,bkgdV,"{""cachedVideoId"":-1,""lastUpdatedTime"":1731306426115,""schedule"":[28,31,0,-1,-1,-1,-1],""scheduleFixed"":[28,31,0,-1,-1,-1,-1],""simpleSchedule"":[37,16,23,33,38,36,39]}"
false,https://ntp.msn.com,clean_meta_flag,1
false,https://ntp.msn.com,enableUndersideAutoOpenFromEdge,true
false,https://ntp.msn.com,isCoordsCacheInvalid,false
false,https://ntp.msn.com,nurturingUid,1706776609304229
false,https://ntp.msn.com,nurturing_interaction_trace_ls_id,1731296916842
false,https://ntp.msn.com,oneSvcUniTunMode,header
false,https://ntp.msn.com,pageVersions,"{""ntp"":""20241109.37""}"
false,https://ntp.msn.com,pivotSelectionSource,sticky
false,https://ntp.msn.com,sai_ntp,"{""id"":""35C6E85A18F946099BABC708CEDE5E64"",""ts"":1731306427000}"
false,https://ntp.msn.com,selectedPivot,myFeed
false,https://ntp.msn.com,spVisitsMetadata,12
false,https://ntp.msn.com,ssrBasePageCachingFeatureActive,true
false,https://ntp.msn.com,switchedPivot,myFeed
false,https://ntp.msn.com,tsDragDropUnpin,{}
false,https://ntp.msn.com,weaRecentLocation,"[{""locality"":""Almaty"",""region"":""Almaty"",""country"":""Kazakhstan"",""isoCode"":""KZ"",""language"":""en-xl"",""latitude"":""43.24330139160156"",""longitude"":""76.8646011352539"",""displayName"":""Almaty, Kazakhstan""}]"
false,https://ntp.msn.com,wpo_data_ adult_en_xl_ntp_edgeChromium,"{""treatments"":[{""type"":""topsitesCollapse"",""properties"":{""topSitesCollapsibleControlConfig"":{""collapsibleControlIsDefaultCollapsed"":false,""showCollapsibleControl"":false,""collapseForDefaultInformational"":false,""promoteTopSitesTop"":false,""promoteTopSites2Row"":false,""expandForAllLayout"":true}}},{""type"":""topsitesPromotion"",""properties"":{""overrideIconsList"":[{""identifierHosts"":[""https://www.msn.com/weather?form=ANTPSWEAT""],""faviconUrl"":""//img-s-msn-com.akamaized.net/tenant/amp/entityid/BB19a9p7.img""}],""enableRecommendedSites"":true,""recommendedSites"":[{""locationIndex"":20,""title"":""Weather"",""url"":""https://www.msn.com/weather?form=ANTPSWEAT"",""faviconUrl"":""cms/api/amp/image/BB19a9p7""}]}},{""type"":""bellCoachMark"",""properties"":{""showCoachMark"":false,""tmpl"":""prg-no-bellcm-pro""}}]}"
false,https://prebid.a-mo.net/^0https://chess.com,__amuidpb,f70638cf-ebbb-4304-aaee-b4f30055de53
false,https://prebid.a-mo.net/^0https://chess.com,__amuidst.1,"{""cn"":14,""cn2"":14,""cn3"":431.42857142857144}"
false,https://prebid.a-mo.net/^0https://chess.com,_apbsyn,1714810385750
false,https://prebid.a-mo.net/^0https://chess.com,_aswt_s,1714810385747
false,https://prebid.a-mo.net/^0https://chess.com,amdgt@1,1714810385749
false,https://prebid.a-mo.net/^0https://chess.com,amdgt_lk@cfs,"[false,1715346502173]"
false,https://ru.4game.com,0b006d8eb623b8ea11b73d61f1e483b47b9d7422,Windows
false,https://ru.4game.com,19a826c7f361268a43da3a46a12047f3,35e45f1a-f06a-46ab-96e8-9ad1aeb2a4a9
false,https://ru.4game.com,4ba302311571f45d57f1aa75e428b9b78d59a7a2,desktop
false,https://ru.4game.com,4game-state,"{""abTests"":{""anonymous"":[{""testSlug"":""lineage.all.landingab"",""groupSlug"":""one.button""},{""testSlug"":""game.showcase.test"",""groupSlug"":""game.showcase.test.2""},{""testSlug"":""registration.form"",""groupSlug"":""registration.form.2""},{""testSlug"":""terminals.yookassa.bank.card"",""groupSlug"":""yandex.bank.card""},{""testSlug"":""terminals.tinkoff.bank.card"",""groupSlug"":""yookassa.bank.card""},{""testSlug"":""terminals.tinkoff.bank.card2"",""groupSlug"":""yookassa.bank.card""},{""testSlug"":""terminals.raiffeisen.sbp"",""groupSlug"":""yookassa.sbp""},{""testSlug"":""terminals.bank131.card"",""groupSlug"":""tinkoff.bank.card""},{""testSlug"":""terminals.tinkoff.youkassa.sberpay"",""groupSlug"":""yookassa.sberpay""}]},""auth"":{""signSection"":{""idx"":0},""data"":{},""userInfo"":{},""restorePassword"":{""restoreData"":{}}},""session"":{""sessionId"":"""",""sessionToken"":""""},""tracking"":{""list"":null}}"
false,https://ru.4game.com,511a26f4be2047a348064e4abe8ce2a9,2024-05-06T05:06:51.897Z
false,https://ru.4game.com,647a3d19ac2647f361068a43df3a4da1,35e45f1a-f06a-46ab-96e8-9ad1aeb2a4a9
false,https://ru.4game.com,85bdeae0a9e0dad7fdd022d8f90da5d3a241b3d0,Windows 10
false,https://ru.4game.com,990a6d8eb6cbb8ea44b73d21f1e473b43b9c74ea,prod
false,https://ru.4game.com,_ym49151002:0_reqNum,2
false,https://ru.4game.com,_ym49151002_lastHit,1714972030674
false,https://ru.4game.com,_ym49151002_lsid,602660385514
false,https://ru.4game.com,_ym92508816:0_reqNum,3
false,https://ru.4game.com,_ym92508816_lastHit,1714972028682
false,https://ru.4game.com,_ym92508816_lsid,1163801799653
false,https://ru.4game.com,_ym96239379:0_reqNum,2
false,https://ru.4game.com,_ym96239379_lastHit,1714972030677
false,https://ru.4game.com,_ym96239379_lsid,182538143234
false,https://ru.4game.com,_ym_cc,"""3214713991714972000&28582866"""
false,https://ru.4game.com,_ym_fip,"""4fab4c69f8cf714b7b435e285227b4ac-1cc4db1a3d7b1837d6538ca6cabed338-a81f3b9bcdd80a361c14af38dc09b309-7950ec0297c12322859860922e071362-8a4c66814aa955c22afa1996ca3000e0-4028c360c1b3a1f0a21d7d9ba01a02e6-0b82c67d2c389d0d50367f1f13b7a8f7-a79483f0ea6cd8fc043ad5ab538770e6-a81f3b9bcdd80a361c14af38dc09b309-36b0156d67e224248dccbff13c841137-f4d6a861f9c59c284e4813e66c038c30"""
false,https://ru.4game.com,_ym_retryReqs,{}
false,https://ru.4game.com,_ym_synced,{}
false,https://ru.4game.com,_ym_uid,"""1714972013385473737"""
false,https://ru.4game.com,_ym_wv2rf:49151002:0,1
false,https://ru.4game.com,_ym_wv2rf:96239379:0,1
false,https://ru.4game.com,area,ru
false,https://ru.4game.com,d0df7f0a4c2724ff587c1cfb3e315b432e2d1f50,false
false,https://ru.4game.com,fingerprint,4626c5a5-6ab9-40ae-bae8-2e2f35c8e4f4
false,https://ru.4game.com,lang,ru
false,https://ru.4game.com,rb_sync_id,"{""time"":1714972011113,""fpid"":""vQWa6oShXyPdqUJMrhaZN"",""metricsTime"":1714972011668}"
false,https://ru.4game.com,rom-session-start,Mon May 06 2024 11:06:51 GMT+0600 (>AB>G=K9 070EAB0=)
false,https://ru.4game.com,rom-site-opened-count,2
false,https://ru.4game.com,rxt_uid,178c916e-bdcd-4dd1-9587-2e35d64f9be4
false,https://ru.4game.com,rxt_uid_lifetime,1715576810995
false,https://ru.4game.com,tmr_lvid,c57d360fd08ca608904bbcfdc17a9fe2
false,https://ru.4game.com,tmr_lvidTS,1714972010669
false,https://ru.4game.com,tmr_reqNum,8
false,https://ru.4game.com,tmr_trgfpid,"{""fpid"":""vQWa6oShXyPdqUJMrhaZN"",""ts"":1714972011115}"
false,https://ru.4game.com,trackingEvents,[]
false,https://ru.savefrom.net,__pcode_freq_storage__,{}
false,https://ru.savefrom.net,_ym247195:1_reqNum,6
false,https://ru.savefrom.net,_ym247195_lsid,1364664487148
false,https://ru.savefrom.net,_ym_cc,"""5959266661709206000&28496881"""
false,https://ru.savefrom.net,_ym_fip,"""63395eca5efc844fe6171104f83169c8-1cc4db1a3d7b1837d6538ca6cabed338-a81f3b9bcdd80a361c14af38dc09b309-7950ec0297c12322859860922e071362-8a4c66814aa955c22afa1996ca3000e0-bada5a789ebc0f7dd5b0016f09583825-0b82c67d2c389d0d50367f1f13b7a8f7-a79483f0ea6cd8fc043ad5ab538770e6-a81f3b9bcdd80a361c14af38dc09b309-36b0156d67e224248dccbff13c841137-f4d6a861f9c59c284e4813e66c038c30"""
false,https://ru.savefrom.net,_ym_retryReqs,{}
false,https://ru.savefrom.net,_ym_synced,{}
false,https://ru.savefrom.net,_ym_uid,"""1709205773339025821"""
false,https://ru.savefrom.net,_ym_zzlc,"""1709205773652964739699905447346"""
false,https://ru.savefrom.net,cd9i3wmzpc,1709205770122
false,https://ru.savefrom.net,cebknrp71zt1rxur,1709813449341
false,https://ru.savefrom.net,clickads,[1709812879127]
false,https://ru.savefrom.net,countDownloadVideo,1
false,https://ru.savefrom.net,generatedGid,h8kf478321co554841445x5o8yalm318
false,https://ru.savefrom.net,last_url,"{""url"":1,""ts"":1709812873829}"
false,https://ru.savefrom.net,nextInitialDownloadVideo,1709834400000
false,https://ru.savefrom.net,rlxfx73qhe1rxur,fllxtqwhqvp|1709813449339
false,https://ru.savefrom.net,safe_youtube_count,2
false,https://ru.savefrom.net,syncId,57fef5ef4ec44ac89815c6f28a0bb956
false,https://ru.savefrom.net,syncOrigin,gidrator
false,https://ru.savefrom.net,xod3bx0r4cd1rxur,1709813449341
false,https://ssl.kaptcha.com/^0https://chess.com,ss,38545b9382844e3a810c0cd5f68873e4
false,https://stamina-online.com,__pcode_freq_storage__,{}
false,https://stamina-online.com,_ym117132:1_reqNum,10
false,https://stamina-online.com,_ym117132_lsid,6747509021
false,https://stamina-online.com,_ym26812653:0_reqNum,57
false,https://stamina-online.com,_ym26812653_il,"""34 90 0 &nbsp;00:00 &nbsp;0%"""
false,https://stamina-online.com,_ym26812653_lastHit,1731306453405
false,https://stamina-online.com,_ym26812653_lsid,317852105253
false,https://stamina-online.com,_ym85315594:0_reqNum,5
false,https://stamina-online.com,_ym85315594_il,"""20 >; 0 &nbsp;00:00 &nbsp;0%"""
false,https://stamina-online.com,_ym85315594_lastHit,1731305044912
false,https://stamina-online.com,_ym85315594_lsid,373467763001
false,https://stamina-online.com,_ym86814695:0_reqNum,2
false,https://stamina-online.com,_ym86814695_lastHit,1731297752577
false,https://stamina-online.com,_ym86814695_lsid,1338085328942
false,https://stamina-online.com,_ym_cc,"""6443595021731297000&28854949"""
false,https://stamina-online.com,_ym_fip,"""98daf388bd31270499b17cd1954963c3-1cc4db1a3d7b1837d6538ca6cabed338-a81f3b9bcdd80a361c14af38dc09b309-7950ec0297c12322859860922e071362-8a4c66814aa955c22afa1996ca3000e0-1dd112bbd25b441f96b6d2a8a6e6cc53-412a0eb58b997539400b3ed31b2f96f7-a79483f0ea6cd8fc043ad5ab538770e6-a81f3b9bcdd80a361c14af38dc09b309-36b0156d67e224248dccbff13c841137-f4d6a861f9c59c284e4813e66c038c30"""
false,https://stamina-online.com,_ym_retryReqs,{}
false,https://stamina-online.com,_ym_synced,{}
false,https://stamina-online.com,_ym_uid,"""1731296947929560456"""
false,https://stamina-online.com,_ym_wv2rf:85315594:0,1
false,https://stamina-online.com,_ym_wv2rf:86814695:0,1
false,https://stamina-online.com,_ym_zzlc,"""1731305028364445613016921272649"""
false,https://stamina-online.com,rb_sync_id,"{""time"":1731296947209,""fpid"":""wstY9qkOafG7_6Vtd5yWv"",""metricsTime"":1731296947213}"
false,https://stamina-online.com,tmr_lvid,f108f33ebb1c3b335fd8a31a7e4f6aa7
false,https://stamina-online.com,tmr_lvidTS,1731296946451
false,https://stamina-online.com,tmr_reqNum,55
false,https://stamina-online.com,tmr_trgfpid,"{""fpid"":null,""ts"":1731296947173}"
false,https://vseigru.net,_ym15220639:0_reqNum,3
false,https://vseigru.net,_ym15220639_il,"""3@K"""
false,https://vseigru.net,_ym15220639_lastHit,1714971932859
false,https://vseigru.net,_ym15220639_lsid,656790254573
false,https://vseigru.net,_ym26812653:0_reqNum,4
false,https://vseigru.net,_ym26812653_il,"""3@K"""
false,https://vseigru.net,_ym26812653_lastHit,1714971646180
false,https://vseigru.net,_ym26812653_lsid,1293767460259
false,https://vseigru.net,_ym3:0_reqNum,1
false,https://vseigru.net,_ym3_lsid,759912876196
false,https://vseigru.net,_ym_cc,"""9758651391714972000&28582860"""
false,https://vseigru.net,_ym_fip,"""343446982b2dc172aedb6cf6e797e507-1cc4db1a3d7b1837d6538ca6cabed338-a81f3b9bcdd80a361c14af38dc09b309-7950ec0297c12322859860922e071362-8a4c66814aa955c22afa1996ca3000e0-4028c360c1b3a1f0a21d7d9ba01a02e6-0b82c67d2c389d0d50367f1f13b7a8f7-a79483f0ea6cd8fc043ad5ab538770e6-a81f3b9bcdd80a361c14af38dc09b309-36b0156d67e224248dccbff13c841137-f4d6a861f9c59c284e4813e66c038c30"""
false,https://vseigru.net,_ym_retryReqs,{}
false,https://vseigru.net,_ym_synced,"{""mc.webvisor.org"":28582860}"
false,https://vseigru.net,_ym_uid,"""1714971624958764481"""
false,https://vseigru.net,_ym_wasSynced,"{""time"":1714971624208,""params"":{""sbp"":{""a"":""niaDcXqGpBRLwBxd6UACeEUg7ApCYs3dMcSWi7OWdH0Np/SB93A7xTonEZDFzyMK"",""b"":""7TQ1r/3fat149vsvoUbK1ZMxOivEhwEK+tqHn9emh2O35BsPk7M+5ceyKW4Y+Mey""},""eu"":0,""hittoken"":""1714971626_c5d25ecea9b4f456233ee25ba2138627e3097ffe34d0c2042bf8d1a87067be1f""},""bkParams"":{}}"
false,https://vseigru.net,google_adsense_settings,"{""ca-pub-4597874312984460"":[""ca-pub-4597874312984460"",[[1]]]}"
false,https://wordpad.ru,67F2CD0PcyjIMPkmdQ1R,https://www.bing.com/
false,https://wordpad.ru,XqCpsjUX7wutLXTBzYw0,1712135924924
false,https://wordpad.ru,YBKj1gH6mGYbg3xhApkD,1712135942307
false,https://wordpad.ru,__pcode_freq_storage__,{}
false,https://wordpad.ru,_ym1236321:1_reqNum,2
false,https://wordpad.ru,_ym1236321_lsid,1006829976333
false,https://wordpad.ru,_ym61073641:0_reqNum,3
false,https://wordpad.ru,_ym61073641_lastHit,1712135939871
false,https://wordpad.ru,_ym61073641_lsid,31971553146
false,https://wordpad.ru,_ym_cc,"""7176026921712136000&28535598"""
false,https://wordpad.ru,_ym_fip,"""9fa5e4b9d53c8c5b8b49f8ac8d2aa77f-1cc4db1a3d7b1837d6538ca6cabed338-a81f3b9bcdd80a361c14af38dc09b309-7950ec0297c12322859860922e071362-8a4c66814aa955c22afa1996ca3000e0-7ac8aced5f14516a12f2ca93f7116437-0b82c67d2c389d0d50367f1f13b7a8f7-a79483f0ea6cd8fc043ad5ab538770e6-a81f3b9bcdd80a361c14af38dc09b309-36b0156d67e224248dccbff13c841137-f4d6a861f9c59c284e4813e66c038c30"""
false,https://wordpad.ru,_ym_retryReqs,{}
false,https://wordpad.ru,_ym_synced,{}
false,https://wordpad.ru,_ym_uid,"""1712135925643076635"""
false,https://wordpad.ru,_ym_wv2rf:61073641:0,1
false,https://wordpad.ru,_ym_zzlc,"""1712135925934287887562971910649"""
false,https://wordpad.ru,f6791zKAC3mBGioxkXfH,false
false,https://www.bing.com,V2BubbleTrigger,1730692979117
false,https://www.bing.com,_$Maps_deviceInfo2_expiration,1707996121209
false,https://www.bing.com,cib__firstTimeAccessed,1706776601772
false,https://www.bing.com,cib__secondTimeAccessed,1706776652766
false,https://www.bing.com,deviceInfo2,"{""gpuRenderer"":""angle (amd. amd radeon(tm) vega 3 graphics direct3d11 vs_5_0 ps_5_0. d3d11)"",""webgl2Supported"":true}"
false,https://www.bing.com,eventLogQueue_Offline,[]
false,https://www.bing.com,eventLogQueue_Offline_logUploadIntervalStartDate,1731305021171
false,https://www.bing.com,eventLogQueue_Offline_uploadedLogSizeInInterval,0
false,https://www.bing.com,rewwid,eyJkY2lwIjowfQ==
false,https://www.chess.com,BT_AA_DETECTION,"{""ab"":false,""acceptable"":true}"
false,https://www.chess.com,_GESPSK-id5-sync.com,"[""id5-sync.com"",""ID5*rCJ3YmkGztVnDbnQqe3YaW4w4tAKCuCEgkv_68yNa-Gc0zOHG6STey3gsCwuTKVk"",1715324898915]"
false,https://www.chess.com,_GESPSK-neustar.biz,"[""neustar.biz"",""E1:zte1biTCk3jQai2LQZiS2LaNFw7xg-Cr2DYFLEoQ44pBLGKCZjm5WrhnWFdlYdNyFkCmfn42o0AKuh6a_S3qu0N29jaedy7zvrsTFX2eMyJBfn4zJr-5TASi-WxxE51m"",1715324898915]"
false,https://www.chess.com,_GESPSK-pubcid.org,"[""pubcid.org"",""ea0cf866-1ddd-48d7-b03e-86b29c48fbfb"",1715324898915]"
false,https://www.chess.com,_iiq_fdata,"{""pcid"":""fb2bb9af-503e-49a1-ad02-70e829d21686"",""pcidDate"":1707217539326}"
false,https://www.chess.com,_iiq_fdata_350115424,"{""callCount"":0,""pubprovidedPrebidCallCount"":0,""manualCallCount"":0,""failCount"":0,""noDataCounter"":0,""cttl"":43200000,""clientType"":"""",""adserverDeviceType"":"""",""terminationCause"":"""",""profile"":"""",""siteId"":null}"
false,https://www.chess.com,_iiq_sync_350115424,1707217539331
false,https://www.chess.com,adagio,"{""_navigation"":{""totalPages"":7,""totalSessions"":1},""session"":{""_firstPageviewId"":""32e5bcdd-9e3f-465f-980e-df7e9b58be9b"",""_pages"":7,""_previousPagetype"":null,""_bidsSmplg"":0.1,""lastActivityTime"":1710852962104,""rnd"":0.6667592688628448,""vwSmplg"":0.01,""vwSmplgNxt"":0.01}}"
false,https://www.chess.com,adagioScript,"value is too long, length is 78361, supported max length is 2048"
false,https://www.chess.com,amplitude_unsent_5cc41a1e56d0ee35d4c85d1d4225d2d1,[]
false,https://www.chess.com,amplitude_unsent_identify_5cc41a1e56d0ee35d4c85d1d4225d2d1,[]
false,https://www.chess.com,analysis_engine_settings,"{""depth"":20,""timeLimit"":14,""linesCount"":3,""engineName"":""STOCKFISH"",""isWdlBarSupported"":false,""hasChosenComplexityBar"":false,""wdlBarEnabled"":false,""tbBarEnabled"":false,""criticalPositionEnabled"":false,""maxThreads"":null}"
false,https://www.chess.com,aps:7da53191-0ab3-490c-88b7-cd110e20b7e7:deviceSignal/sua,"{""architecture"":""x86"",""bitness"":""64"",""mobile"":0,""model"":"""",""source"":2,""platform"":{""brand"":""Windows"",""version"":[""10"",""0"",""0""]},""browsers"":[{""brand"":""Chromium"",""version"":[""124"",""0"",""6367"",""118""]},{""brand"":""Microsoft Edge"",""version"":[""124"",""0"",""2478"",""80""]},{""brand"":""Not-A.Brand"",""version"":[""99"",""0"",""0"",""0""]}]}"
false,https://www.chess.com,aps:7da53191-0ab3-490c-88b7-cd110e20b7e7:sessionMarker/marker,e198cea0-cf28-4085-b839-cd5be9864297_2024-05-04T08:13:01.537Z
false,https://www.chess.com,boardOptionsCache,"value is too long, length is 5735, supported max length is 2048"
false,https://www.chess.com,btUserCountry,KZ
false,https://www.chess.com,btUserCountryExpiry,1715325197765
false,https://www.chess.com,btUserIsFromRestrictedCountry,false
false,https://www.chess.com,cdn.chesscom.850100.ka.ck,4bfb8dd3a9c1a284903eaf2ce1f8fe06334d40386038b851db9ec1adad3da45a698be3b6abe1d8b3d9ea3801ec1cfc09009da800e3842ce7c40512f68a937c9eb6870047ad818604795a6c0b886ad73175b66014051fd6502b8f2bc2e6b185e2b3a47874078c39ee2a50485300f030eb4bc1d07acba08f7b99b7298d759fa9f7643fb79c6836d2bea5caa687e6cc247af7597b0a6927402e191fc2
false,https://www.chess.com,chat-cache-41eb6e08-86ba-11ec-a960-47219b0fa606,"{""chat-open-chats"":{}}"
false,https://www.chess.com,chat-cache-9db8e17c-86e5-11ec-840d-4bc9faddde2a,"{""chat-open-chats"":{}}"
false,https://www.chess.com,cio_bd,0eca329cc896a1605b94fb77fba7dd50e58723afb640add86e1230c9b49c0322:JjPufPXsTklLo6LH4rOAebmKrPrCcuoXeTTRIbAKxDMvLrS+15CBMgzDlEO9BCv1claWAKeNCzWWAfae4m4/Yw==:1000:n1y8dQkiDURBErYY7Ope+uS1QHe4obb11J5cDlDHOtrGaHy426eJb50B8JxFaM/Jmb4dc6Jgeyy/ZIWW9EDwNJbYivXWuwZotg3AAzEIlgc/9PRmzG2h0wZkRyIsi5TPEZKxQxEEgvXorOP1kHcPk8qC03DMxFdiHB4VQSh6K8JhG2/OZCiMF+5H0yHkk9w7|1710852909228
false,https://www.chess.com,criteo_fast_bid,"value is too long, length is 96005, supported max length is 2048"
false,https://www.chess.com,criteo_fast_bid_expires,1715411298508
false,https://www.chess.com,criteo_pt_cdb_mngr_metrics,"{""previousBuildRequestTimestamp"":""1715324898398""}"
false,https://www.chess.com,cto_bundle,jPWDhl9saElyVGFNaERibnVEN2NLQWRsYkdFaWJFRkhsUk15THNwcVFsRlFSaU5uTjNkajdITUg2eUVRSkdnSWRFbW95eTc2ZDh4MXVPQ0h1RFJiQzlyVU13N2NJOXhlR1ZEN0VFZnpBVk5tWW9YaHY1Q1FjNW1JNWYlMkZvVkY4RVI5ZWVl
false,https://www.chess.com,cwgl,"{""country"":""KZ"",""region"":""75"",""city"":""Almaty"",""postalCode"":""""}"
false,https://www.chess.com,cwglt,1715324897596
false,https://www.chess.com,ditu_session,"{""id"":""9536gFa2QQtJ"",""lastActivityTimestamp"":1715324900976}"
false,https://www.chess.com,ditu_user,"{""id"":""lGVLjPmnsCRW"",""userAddedTimestamp"":1715324898110,""lastActivityTimestamp"":1715324900976}"
false,https://www.chess.com,hb_insticator_uid,50e6e6e9-e137-4f00-a120-2b69c0e382e0
false,https://www.chess.com,id5id,%7B%22signature%22%3A%22ID5_AslrProKbB3NdoFmCkUe5lS2duNXFi82dYLMZOTeuBKeItd9Pk0dvBQzMvSSzYGKzYhGbRyWZLl42Y6Xuj8JV-ZA2Pm1heA12kJYx94XcE2Lce-63cz54LHDZug43FpJc0oPnuLtswUHmWY2d1A%22%2C%22created_at%22%3A%222024-05-04T08%3A13%3A03Z%22%2C%22id5_consent%22%3Atrue%2C%22original_uid%22%3A%22ID5*FEfcbnzcdl2oalckBrzxMbKq-cVhEGbyDC0VW-xqTAuc0ym03X2Tfcfclnppr4jB%22%2C%22universal_uid%22%3A%22ID5*rCJ3YmkGztVnDbnQqe3YaW4w4tAKCuCEgkv_68yNa-Gc0zOHG6STey3gsCwuTKVk%22%2C%22link_type%22%3A1%2C%22cascade_needed%22%3Atrue%2C%22privacy%22%3A%7B%22jurisdiction%22%3A%22other%22%2C%22id5_consent%22%3Atrue%7D%2C%22ext%22%3A%7B%22linkType%22%3A1%2C%22pba%22%3A%22SR3qtEcIXeMO5sTuns%2FDdw%3D%3D%22%7D%2C%22cache_control%22%3A%7B%22max_age_sec%22%3A7200%7D%7D
false,https://www.chess.com,id5id_1016_nb,0
false,https://www.chess.com,id5id_1016_nb_exp,"Sun, 09 Jun 2024 07:08:18 GMT"
false,https://www.chess.com,id5id_cst,zix7LPQsHA==
false,https://www.chess.com,id5id_exp,"Thu, 08 Aug 2024 07:08:18 GMT"
false,https://www.chess.com,id5id_last,"Fri, 10 May 2024 07:08:18 GMT"
false,https://www.chess.com,id5id_privacy,"{""jurisdiction"":""other"",""id5_consent"":true}"
false,https://www.chess.com,id5id_privacy_exp,"Sun, 09 Jun 2024 07:08:18 GMT"
false,https://www.chess.com,json_settings,"value is too long, length is 21479, supported max length is 2048"
false,https://www.chess.com,landingPageClickThrottleExpiration,1715415176741
false,https://www.chess.com,monitorLastRequiredGamesCheck,1715324896405
false,https://www.chess.com,playNewGameSettings,"{""autoSeek"":false,""timeControl"":{""key"":""1800"",""baseTime"":1800,""timeIncrement"":0,""timeType"":""live"",""isCustom"":false},""gameType"":""chess""}"
false,https://www.chess.com,puzzleCoreUserStats,"{""currentStreak"":1,""highestRating"":501,""highestStreak"":5,""isNewHighestStreak"":false,""lastPositiveStreak"":1,""percentCorrect"":47,""rating"":467,""todayAttempted"":0,""totalAttempted"":34,""puzzlePath"":{""bestStreak"":0,""currentStreak"":0,""level"":1,""prestigeLevel"":1,""puzzlesSolvedToday"":0,""tier"":1,""totalEasyPuzzlesCompleted"":0,""totalHardPuzzlesCompleted"":0,""totalXhardPuzzlesCompleted"":0,""xp"":0},""initialRating"":0}"
false,https://www.chess.com,puzzles-index-welcome-modal,true
false,https://www.chess.com,puzzles-rated-welcome-modal,true
false,https://www.chess.com,rcik,null
false,https://www.chess.com,rciv,null
false,https://www.chess.com,selectedDurationCode,five_minutes
false,https://www.chess.com,settingsHttpCache,"value is too long, length is 11433, supported max length is 2048"
false,https://www.chess.com,tude-raven-endpoint-bucket,0.6788581635995832
false,https://www.chess.com,tude-raven-sampling-bucket,0.060676494824932314
false,https://www.chess.com,user-activity-sdk-device-id,6935bb02-761c-4bff-bd89-da17784b6722
false,https://www.chess.com,vs_computer_intro_modal_dismissed,true
false,https://www.google.com/^0https://1xbet.kz,rc::a,aDBpZnNrZ3l5anFn
false,https://www.google.com/^0https://1xbet.kz,rc::f,0aACzWgXqfAfyWdgkuRqW3ylW3U6JRAk7HLAbGweDd6IiMkI1offa6LQs70W_zv5cXdNx54-0
false,https://www.google.com/^0https://4game.com,rc::a,Ync4bGFvMXIwaXZ5cw==
false,https://www.google.com/^0https://chess.com,rc::h,1715324905130
false,https://www.google.com/^0https://dino-chrome.com,rc::h,1707134093621
false,https://www.google.com/^0https://dinorunner.com,rc::h,1707134342219
false,https://www.google.com/^0https://vseigru.net,rc::h,1714971633650
false,https://www.google.com/^0https://wordpad.ru,rc::h,1712135927291
false,https://www.google.ru,_c;;i,p:*|l:9007199254740991_1
false,https://www.google.ru,ds;;frib,p:m|l:0_true
false,https://www.google.ru,sb_wiz.pq,83@0 48=>702@8: 3C3;
false,https://www.google.ru,sb_wiz.pq_tm_hp,1707134333576
false,https://www.google.ru,sb_wiz.qc,1
false,https://www.google.ru,sb_wiz.sc_pq,
false,https://www.google.ru,sb_wiz.sr_di,GIrQgMXCz-z9Vxj-po3h4p7wjDMYhcW3mcr6i_cTGKyrs8iipNPMWRjAnYC7sfXkyE4
false,https://www.google.ru,sb_wiz.zpc.gws-wiz-serp.,"value is too long, length is 54851, supported max length is 2048"
false,https://www.microsoft.com,_uetsid,68bcab006b5511efbd5809c5aed814e7
false,https://www.microsoft.com,_uetsid_exp,"Fri, 06 Sep 2024 07:06:44 GMT"
false,https://www.microsoft.com,_uetvid,31801270d6f411ee8ec5898ae6f27ddd
false,https://www.microsoft.com,_uetvid_exp,"Tue, 30 Sep 2025 07:06:44 GMT"
false,https://www.microsoft.com,lastExternalReferrer,empty
false,https://www.microsoft.com,lastExternalReferrerTime,1725520004648
false,https://www.microsoft.com,li_adsId,3133396a-0e3e-4a3d-8d30-e27e5fd9e5a9
false,https://www.msn.com,AutosReview_undefined,Mon May 13 2024 10:49:52 GMT+0600 (>AB>G=K9 070EAB0=)
false,https://www.msn.com,STATSIG_LOCAL_STORAGE_INTERNAL_STORE_V4,"{""-978246516"":{""feature_gates"":{},""dynamic_configs"":{""HBHW4CNsqSRqeEchuDHTYSkLbD8Tt7cZzLflYaEf9/s="":{""name"":""HBHW4CNsqSRqeEchuDHTYSkLbD8Tt7cZzLflYaEf9/s="",""value"":{""rank_genre_carousels_by_ctr"":true,""rank_genre_pills_by_ctr"":true},""rule_id"":""launchedGroup"",""group"":""launchedGroup"",""group_name"":""Rank Both"",""is_device_based"":true,""id_type"":""stableID"",""is_experiment_active"":false,""is_user_in_experiment"":false,""is_in_layer"":true,""explicit_parameters"":[""rank_genre_carousels_by_ctr"",""rank_genre_pills_by_ctr""],""secondary_exposures"":[]}},""layer_configs"":{""ZL060FXx3kdJbCiUoq7vWQPDVtRMridZRr0Z/BV9cW8="":{""name"":""ZL060FXx3kdJbCiUoq7vWQPDVtRMridZRr0Z/BV9cW8="",""value"":{""rank_genre_carousels_by_ctr"":true,""rank_genre_pills_by_ctr"":true},""rule_id"":""default"",""group"":""default"",""is_device_based"":true,""explicit_parameters"":[],""secondary_exposures"":[],""undelegated_secondary_exposures"":[]}},""sdkParams"":{},""has_updates"":true,""generator"":""scrapi-nest"",""time"":1715575783214,""company_lcut"":1712553287578,""evaluated_keys"":{""userID"":""m-19505C2C18106B311D33483A199B6AE2"",""stableID"":""6bfd1e0f-9f96-487f-9f81-e2979f609afd""},""hash_used"":""sha256"",""derived_fields"":{""user_agent"":""Mozilla/5.0 (Windows NT 10.0; Win64; x64) AppleWebKit/537.36 (KHTML, like Gecko) Chrome/124.0.0.0 Safari/537.36 Edg/124.0.0.0"",""ip"":""91.147.88.209"",""country"":""KZ""},""hashed_sdk_key_used"":""3693490536"",""can_record_session"":true,""session_recording_rate"":1,""sticky_experiments"":{},""evaluation_time"":1715575783214}}"
false,https://www.msn.com,STATSIG_LOCAL_STORAGE_STABLE_ID,6bfd1e0f-9f96-487f-9f81-e2979f609afd
false,https://www.msn.com,STATSIG_LOCAL_STORAGE_STICKY_DEVICE_EXPERIMENTS,{}
false,https://www.msn.com,_uetsid,7f807b60e13a11ee9bd6152400e413c5
false,https://www.msn.com,_uetsid_exp,"Thu, 14 Mar 2024 13:06:25 GMT"
false,https://www.msn.com,_uetvid,7f80dc30e13a11eeb2080ba1975546fa
false,https://www.msn.com,_uetvid_exp,"Mon, 07 Apr 2025 13:06:25 GMT"
false,https://www.msn.com,authRecordTrail,"[{""time"":""2024-03-13T13:06:24.357Z"",""action"":""SSO"",""result"":""tryInitiateEarlyAuth: Finalized sign in state 1 from auth-EdgeProfile"",""state"":{""isSignedIn"":false,""storage"":{""aace"":null,""ace"":null,""als"":null,""child"":null,""loginFlowMarker"":false,""logoutFlowMarker"":false,""editFlowMarker"":false,""osate"":null},""appType"":""cgHomePage"",""pageType"":""casualgamesplay""}},{""time"":""2024-05-13T04:49:42.261Z"",""action"":""SSO"",""result"":""tryInitiateEarlyAuth: Finalized sign in state 1 from auth-EdgeProfile"",""state"":{""isSignedIn"":false,""storage"":{""aace"":null,""ace"":null,""als"":null,""child"":null,""loginFlowMarker"":false,""logoutFlowMarker"":false,""editFlowMarker"":false,""osate"":null},""appType"":""cgHomePage"",""pageType"":""casualgames""}}]"
false,https://www.msn.com,customRecentPlay,"[{""recoItemId"":""AA1db6u5"",""recoRequestId"":""VYOw0LhbQUSCVEnEg159mQm"",""name"":""Bubble Shooter HD"",""defaultName"":""Bubble Shooter HD"",""fullName"":""Bubble Shooter HD"",""publisherName"":""Softgames GmbH"",""thumbnailId"":""OCGE.9nzvl6gzqhkj_v8_main"",""heroThumbnailId"":""OCGE.9nzvl6gzqhkj_v8_hero"",""thumbnail16x9Id"":""OCGE.9nzvl6gzqhkj_v8_16x9"",""description"":"""",""fullDescription"":{""headline"":"""",""long"":""Bubble Shooter HD is the most popular high-definition bubble shooter game loved by millions of bubble shooter players!"",""short"":"""",""bullets"":[""Match three or more bubbles of the same color to clear them off the board. The more bubbles you pop in one shot the more points you get. Failing to pop any bubbles will lead to more being added.""]},""genres"":[""Arcade"",""Match""],""reassignedGenres"":[""Arcade"",""Match""],""updatedGenres"":[""Arcade"",""Match""],""ratingInfo"":{""contentRating"":""EVERYONE"",""system"":""Entertainment Software Rating Board"",""systemId"":""ESRB"",""ratingId"":""ESRB:E"",""logoThumbnailId"":""OUWL.esrb_e"",""age"":1,""longName"":""EVERYONE"",""shortName"":""E""},""screenshots"":[""9nzvl6gzqhkj_v8_screenshot_1""],""defaultRank"":100,""market"":""en-us"",""cmsBrandId"":""AA1h04GS"",""badgeType"":1,""isThirdParty"":true,""publishDate"":""2024-03-05T18:32:21.3474269Z"",""uploadDate"":""2023-06-30T00:00:00"",""publisherId"":""CN=B473129B-8E58-4CC4-AEA0-F9F4DB7343CF"",""playUrl"":""https://softgames.cdn.start.gg/9nzvl6gzqhkj/v4/index.html"",""primaryGenre"":""Unknown"",""id"":""9nzvl6gzqhkj"",""created"":""2024-03-13T13:06:27.2828167Z"",""lastModified"":""2024-03-05T19:01:44.3200476Z"",""lastPlayedDateTime"":""2024-03-13T13:06:29.487Z""}]"
false,https://www.msn.com,installPrompts,"{""CN=B473129B-8E58-4CC4-AEA0-F9F4DB7343CF"":1710335191932}"
false,https://www.msn.com,isBgaaComplete,false
false,https://www.msn.com,pageVersions,"{""casualgamesplay"":""20240312.161"",""casualgames"":""20240510.484""}"
false,https://www.msn.com,sai_casualgames,"{""id"":""4526484F7D9D4B3194EB53F26DB80555"",""ts"":1715575787000}"
false,https://www.youtube.com,Vd05f9519||::yt-player::yt-player-lv,"{""data"":""{}"",""creation"":1714810940609}"
false,https://www.youtube.com,yt-fullerscreen-edu-button-shown-count,"{""data"":""1"",""expiration"":1746346941561,""creation"":1714810941561}"
false,https://www.youtube.com,yt-icons-last-purged,1711009338278
false,https://www.youtube.com,yt-player-bandwidth,"{""data"":""{\""delay\"":0.012800048828125,\""stall\"":0,\""byterate\"":4475409.404787804,\""init\"":1714810937250.9,\""interruptions\"":[{\""stamp\"":1714809600000,\""net\"":2111,\""max\"":0}]}"",""expiration"":1717402973262,""creation"":1714810973262}"
false,https://www.youtube.com,yt-remote-connected-devices,"{""data"":""[]"",""expiration"":1714897338517,""creation"":1714810938517}"
false,https://www.youtube.com,yt-remote-device-id,"{""data"":""b2bbb52a-13e4-4928-817e-ec52872685ab"",""expiration"":1741348839499,""creation"":1709812839499}"
false,https://www.youtube.com,ytidb::LAST_RESULT_ENTRY_KEY,"{""data"":{""hasSucceededOnce"":true},""expiration"":1717402938633,""creation"":1714810938633}"
false,https://www.youtube.com/^0https://bing.com,yt-player-headers-readable,"{""data"":""true"",""expiration"":1730296865632,""creation"":1727704865632}"
false,https://www.youtube.com/^0https://bing.com,yt-remote-connected-devices,"{""data"":""[]"",""expiration"":1727791265564,""creation"":1727704865564}"
false,https://www.youtube.com/^0https://bing.com,yt-remote-device-id,"{""data"":""771e682d-59df-46aa-851e-253c0a8245cc"",""expiration"":1740741445717,""creation"":1709205445717}"
false,https://www.youtube.com/^0https://bing.com,ytidb::LAST_RESULT_ENTRY_KEY,"{""data"":{""hasSucceededOnce"":true},""expiration"":1730296865638,""creation"":1727704865638}"
false,https://www.youtube.com/^0https://vseigru.net,yt-remote-connected-devices,"{""data"":""[]"",""expiration"":1715058024443,""creation"":1714971624443}"
false,https://www.youtube.com/^0https://vseigru.net,yt-remote-device-id,"{""data"":""a526d273-e322-428b-ab7a-7a9d79167f40"",""expiration"":1746507624438,""creation"":1714971624438}"
false,https://www.youtube.com/^0https://vseigru.net,ytidb::LAST_RESULT_ENTRY_KEY,"{""data"":{""hasSucceededOnce"":true},""expiration"":1717563899348,""creation"":1714971899348}"
false,https://yandex.kz,__pcode_freq_storage__,{}
false,https://yandex.kz,_mt__data,"{""1731296943934263-10446530711247752920-balancer-l7leveler-kubr-yp-sas-93-BAL"":[[105,184,232,1],1731298430039,17]}"
false,https://yandex.kz,_ym343357:1_reqNum,2
false,https://yandex.kz,_ym343357_lsid,206701982159
false,https://yandex.kz,_ym3:0_reqNum,5
false,https://yandex.kz,_ym3_lsid,1276900514351
false,https://yandex.kz,_ym722889:0_reqNum,2
false,https://yandex.kz,_ym722889_lsid,469421984732
false,https://yandex.kz,_ym723233:0_reqNum,8
false,https://yandex.kz,_ym723233_lastHit,1731305009893
false,https://yandex.kz,_ym723233_lsid,1104992348978
false,https://yandex.kz,_ym731962:0_reqNum,13
false,https://yandex.kz,_ym731962_il,"""0@B8=:8"""
false,https://yandex.kz,_ym731962_lastHit,1731296960038
false,https://yandex.kz,_ym731962_lsid,1035889877086
false,https://yandex.kz,_ym_cc,"""6292215151731297000&28854948"""
false,https://yandex.kz,_ym_fip,"""d165aa4877f2eec93a390aab5da336e6-1cc4db1a3d7b1837d6538ca6cabed338-a81f3b9bcdd80a361c14af38dc09b309-7950ec0297c12322859860922e071362-8a4c66814aa955c22afa1996ca3000e0-84460ffc88f086fab87eef5ce299fd05-0b82c67d2c389d0d50367f1f13b7a8f7-a79483f0ea6cd8fc043ad5ab538770e6-a81f3b9bcdd80a361c14af38dc09b309-442d4e5c08bab4e7c0516508afe0f400-f4d6a861f9c59c284e4813e66c038c30"""
false,https://yandex.kz,_ym_retryReqs,{}
false,https://yandex.kz,_ym_synced,"{""kz"":28855083}"
false,https://yandex.kz,_ym_uid,"""1706611602940925885"""
false,https://yandex.kz,_ym_wasSynced,"{""time"":1731296930760,""params"":{""sbp"":{""a"":""ubm/+xDcEAtbZmbo+fKTwkPqrpEpq3h9bSwzYDhJEOA="",""b"":""i5D18wXyCRMkufXEFz70OxpU1imr6hGZBeELkgneMGNK7yHl8q+g2URLtHZb8Sbh""},""eu"":0,""nss"":1,""hittoken"":""1731296932_7ba6a50eb2f7a36ab48d8f076cf83edc0cc03bba67d8a4173683da3f772ed9b6"",""oauth"":1,""wstoken"":""10549.qSxvCYq8pnFFN9_uwXKJsS6DobXgcd7xmzfkD23Y7LEQAyqYit2T8pZ2Dv9Cds-bG7ztY0VQIrA1C0tX4fv3eg,,.dE_kQ3D04KFWX2h1AD5N0xsAO58,""},""bkParams"":{}}"
false,https://yandex.kz,beerka,2.1.0
false,https://yandex.kz,ic,"{""value"":""WDWOvHjrwUaehkBB7hXGcdR9ynHMPWWlgENkPUOFD0PkNqfUXltbogy7kOXu+XHQ9qFYz0dcTVDCdgr2U2DXfiziN/E="",""cache_timestamp"":1731296945}"
false,https://yandex.ru,__pcode_freq_storage__,{}
false,https://yandex.ru,_ym1591002:1_reqNum,2
false,https://yandex.ru,_ym1591002_lsid,435002290823
false,https://yandex.ru,_ym2340660:1_reqNum,2
false,https://yandex.ru,_ym2340660_lsid,577417878136
false,https://yandex.ru,_ym394969:1_reqNum,4
false,https://yandex.ru,_ym394969_lsid,1242665611418
false,https://yandex.ru,_ym42093449:0_reqNum,6
false,https://yandex.ru,_ym42093449_lsid,1441690467563
false,https://yandex.ru,_ym49035923:0_reqNum,254
false,https://yandex.ru,_ym49035923_il,"""Fireboy & Watergirl 1: in the Forest Temple"""
false,https://yandex.ru,_ym49035923_lastHit,1715324790970
false,https://yandex.ru,_ym49035923_lsid,1185859220618
false,https://yandex.ru,_ym_cc,"""4103897681714971000&28588746"""
false,https://yandex.ru,_ym_fip,"""a2f1157a1ed290486858a00e8070b06b-1cc4db1a3d7b1837d6538ca6cabed338-a81f3b9bcdd80a361c14af38dc09b309-7950ec0297c12322859860922e071362-8a4c66814aa955c22afa1996ca3000e0-4028c360c1b3a1f0a21d7d9ba01a02e6-0b82c67d2c389d0d50367f1f13b7a8f7-a79483f0ea6cd8fc043ad5ab538770e6-a81f3b9bcdd80a361c14af38dc09b309-36b0156d67e224248dccbff13c841137-f4d6a861f9c59c284e4813e66c038c30"""
false,https://yandex.ru,_ym_retryReqs,"value is too long, length is 6874, supported max length is 2048"
false,https://yandex.ru,_ym_synced,{}
false,https://yandex.ru,_ym_uid,"""171497108462187451"""
false,https://yandex.ru,_ym_zzlc,"""1714971139006588188753809967444"""
false,https://yandex.ru,beerka,2.1.0
false,https://yandex.ru,clickdaemon-queue,[]
false,https://yandex.ru,count_of_user_visits,2
false,https://yandex.ru,games_popup_count_no-ads-popup,1
false,https://yandex.ru,games_popup_last_showed_no-ads-popup,1715324763749
false,https://yandex.ru,last-day-dau-logged,"""2024-05-10"""
false,https://yandex.ru,yandexGames_application_state,"{""platformSubscriptions"":{""loading"":false,""value"":{""subscriptions"":{},""time"":-1,""ver"":2}},""user"":{""activity"":{""fetching"":false,""fetchedTimestamp"":1715324761799,""value"":{""login"":""""}}}}"
false,https://yandex.ru,yandexGames_catalog_shortcut_info_last_sent_date,2024-05-10T07:06:05.108Z
false,https://yandex.ru,yandexGames_catalog_shortcut_prompt_popup_data,"{""popupShowCount"":1,""popupShowDate"":""2024-05-06T04:51:45.397Z""}"
false,https://yandex.ru,yandexGames_fonts,"value is too long, length is 178427, supported max length is 2048"
false,https://yandex.ru,yandexGames_is_catalog_shortcut_popup_interacted,true
false,https://yandex.ru,yandexGames_last_play_accumulated_goal,3
false,https://yandex.ru,yandexGames_noAds_popup_data,"{""firstVisitTime"":1714971099985}"
false,https://yandex.ru,yandexGames_play_accumulated_game_time,510
false,https://yandex.ru,yandexGames_playedTimes,"[{""id"":""96860"",""t"":1715324767,""c"":1},{""id"":""185647"",""t"":1714971137,""c"":1}]"
false,https://yandex.ru,yandexGames_subscriptions,"{""data"":{},""time"":1715324766367,""ver"":2}"
false,https://yandex.ru,yandexGames_support_debug_log,"{""logins"":[{""cookie"":""yandexuid=6346710901714971084; yandex_login="",""timestamp"":1714971136948}]}"
false,https://yandex.ru,yandexGames_test_ls,1715324770872
false,https://yandex.ru,yandexGames_version,6
false,https://yandex.ru,yandexgames_game_loading_feedback_block_menu_item,false
false,https://yastatic.net/^0https://savefrom.net,_ym37412095:0_reqNum,4
false,https://yastatic.net/^0https://savefrom.net,_ym37412095_lastHit,1709812894346
false,https://yastatic.net/^0https://savefrom.net,_ym37412095_lsid,738693579809
false,https://yastatic.net/^0https://savefrom.net,_ym3:0_reqNum,2
false,https://yastatic.net/^0https://savefrom.net,_ym3_lsid,1074712257130
false,https://yastatic.net/^0https://savefrom.net,_ym_cc,"""9337073751709207000&28496881"""
false,https://yastatic.net/^0https://savefrom.net,_ym_fip,"""63395eca5efc844fe6171104f83169c8-1cc4db1a3d7b1837d6538ca6cabed338-a81f3b9bcdd80a361c14af38dc09b309-7950ec0297c12322859860922e071362-8a4c66814aa955c22afa1996ca3000e0-bada5a789ebc0f7dd5b0016f09583825-0b82c67d2c389d0d50367f1f13b7a8f7-a79483f0ea6cd8fc043ad5ab538770e6-a81f3b9bcdd80a361c14af38dc09b309-36b0156d67e224248dccbff13c841137-f4d6a861f9c59c284e4813e66c038c30"""
false,https://yastatic.net/^0https://savefrom.net,_ym_retryReqs,{}
false,https://yastatic.net/^0https://savefrom.net,_ym_synced,{}
false,https://yastatic.net/^0https://savefrom.net,_ym_uid,"""1707390547272323698"""
false,https://yastatic.net/^0https://savefrom.net,_ym_wasSynced,"{""time"":1709812878683,""params"":{""sbp"":{""a"":""GgwAEv0/UuGOnoJob0jORV/KoByDIa8385xcaEJdA+8="",""b"":""P2GFMyoVjoULRACSdbt0wyY4JBUK66LhXGWQYoTZI1Eoh5sd8cx1lLFlDSVYzsrP""},""eu"":0,""nss"":1,""hittoken"":""1709812879_50da622398e5e2071ddcaac28a06d85371a744d482edcb8efcf38b809fda30fa""},""bkParams"":{}}"
false,https://yastatic.net/^0https://wordpad.ru,_ym37412095:0_reqNum,1
false,https://yastatic.net/^0https://wordpad.ru,_ym37412095_lsid,601223539149
false,https://yastatic.net/^0https://wordpad.ru,_ym3:0_reqNum,1
false,https://yastatic.net/^0https://wordpad.ru,_ym3_lsid,1616307916938
false,https://yastatic.net/^0https://wordpad.ru,_ym_cc,"""2687760471712136000&28535598"""
false,https://yastatic.net/^0https://wordpad.ru,_ym_fip,"""b40e9899a5ca07d4a6a0ffdea7cdc3e7-1cc4db1a3d7b1837d6538ca6cabed338-a81f3b9bcdd80a361c14af38dc09b309-7950ec0297c12322859860922e071362-8a4c66814aa955c22afa1996ca3000e0-7ac8aced5f14516a12f2ca93f7116437-0b82c67d2c389d0d50367f1f13b7a8f7-a79483f0ea6cd8fc043ad5ab538770e6-a81f3b9bcdd80a361c14af38dc09b309-36b0156d67e224248dccbff13c841137-f4d6a861f9c59c284e4813e66c038c30"""
false,https://yastatic.net/^0https://wordpad.ru,_ym_retryReqs,{}
false,https://yastatic.net/^0https://wordpad.ru,_ym_synced,{}
false,https://yastatic.net/^0https://wordpad.ru,_ym_uid,"""1707390547272323698"""
false,https://yastatic.net/^0https://wordpad.ru,_ym_wasSynced,"{""time"":1712135928402,""params"":{""sbp"":{""a"":""HsV+/Hfa/ubEFUpFwa8Ru44fyJmSG0fPfjGzJ2tJC4c="",""b"":""vet7id+Ai4tgYrWXkfkvMYs8DM1YpEAonkGuH28GTfCjClxrf5W75hOgf4gcIOai""},""eu"":0,""nss"":1,""hittoken"":""1712135928_dbe6e5a38769b4e463f5e2c46e827539c3fae21a0aa99afcf9f52914d9e7e354""},""bkParams"":{}}"
false,https://yastatic.net/^0https://yandex.kz,_ym37412095:0_reqNum,2
false,https://yastatic.net/^0https://yandex.kz,_ym37412095_lastHit,1707390563087
false,https://yastatic.net/^0https://yandex.kz,_ym37412095_lsid,596511950
false,https://yastatic.net/^0https://yandex.kz,_ym3:0_reqNum,1
false,https://yastatic.net/^0https://yandex.kz,_ym3_lsid,321454979761
false,https://yastatic.net/^0https://yandex.kz,_ym_cc,"""7866585161707391000&28456509"""
false,https://yastatic.net/^0https://yandex.kz,_ym_fip,"""073072e1c04fa7e2424c469ea94be9d3-1cc4db1a3d7b1837d6538ca6cabed338-a81f3b9bcdd80a361c14af38dc09b309-7950ec0297c12322859860922e071362-8a4c66814aa955c22afa1996ca3000e0-84460ffc88f086fab87eef5ce299fd05-0b82c67d2c389d0d50367f1f13b7a8f7-a79483f0ea6cd8fc043ad5ab538770e6-a81f3b9bcdd80a361c14af38dc09b309-442d4e5c08bab4e7c0516508afe0f400-f4d6a861f9c59c284e4813e66c038c30"""
false,https://yastatic.net/^0https://yandex.kz,_ym_retryReqs,{}
false,https://yastatic.net/^0https://yandex.kz,_ym_synced,{}
false,https://yastatic.net/^0https://yandex.kz,_ym_uid,"""1707390547272323698"""
false,https://yastatic.net/^0https://yandex.kz,_ym_wasSynced,"{""time"":1707390547744,""params"":{""sbp"":{""a"":""3EKXBTtJt44a+rOF5cBXky7r5Ax2F0OqJjqKDAqMafiWTjRjefvzSUKuQOmQVZXB"",""b"":""bryLy+y7sWhbpCox5uoDHW3SQ5ybXtqTrBfYs0fMrA0fbi6u6PT/+iI3hWfSm0Z9""},""eu"":0,""hittoken"":""1707390548_22477bd466c0e3ee6bea3d9c5ee44f144b540810d891552b01c111f7ce7467da""},""bkParams"":{}}"
false,https://yastatic.net/^0https://yandex.ru,_ym37412095:0_reqNum,4
false,https://yastatic.net/^0https://yandex.ru,_ym37412095_lastHit,1715324783113
false,https://yastatic.net/^0https://yandex.ru,_ym37412095_lsid,475018960215
false,https://yastatic.net/^0https://yandex.ru,_ym3:0_reqNum,2
false,https://yastatic.net/^0https://yandex.ru,_ym3_lsid,1401723069368
false,https://yastatic.net/^0https://yandex.ru,_ym_cc,"""7013626091714971000&28588746"""
false,https://yastatic.net/^0https://yandex.ru,_ym_fip,"""a2f1157a1ed290486858a00e8070b06b-1cc4db1a3d7b1837d6538ca6cabed338-a81f3b9bcdd80a361c14af38dc09b309-7950ec0297c12322859860922e071362-8a4c66814aa955c22afa1996ca3000e0-4028c360c1b3a1f0a21d7d9ba01a02e6-0b82c67d2c389d0d50367f1f13b7a8f7-a79483f0ea6cd8fc043ad5ab538770e6-a81f3b9bcdd80a361c14af38dc09b309-36b0156d67e224248dccbff13c841137-f4d6a861f9c59c284e4813e66c038c30"""
false,https://yastatic.net/^0https://yandex.ru,_ym_retryReqs,{}
false,https://yastatic.net/^0https://yandex.ru,_ym_synced,{}
false,https://yastatic.net/^0https://yandex.ru,_ym_uid,"""1707390547272323698"""
false,https://yastatic.net/^0https://yandex.ru,_ym_wasSynced,"{""time"":1715324767533,""params"":{""sbp"":{""a"":""slP/0H8uLDl0AUnCt7ViKb0GKolDNvwzRTuOLgDSCcYCy1kvwLGOV6okM83ixccR"",""b"":""ksoGvWm3tTN1G/Za9GizRiwWPy78HQJI5I2K3iOTXDWMREuZIEKGP7uIte98FxKw""},""eu"":0,""hittoken"":""1715324771_05e734ff94f8feef96e02d8f08f98763323c37bbee0610d7ad51e23000e1460e""},""bkParams"":{}}"
